pais,2022-01-01,2022-02-01,2022-03-01,2022-04-01,2022-05-01,2022-06-01,2022-07-01,2022-08-01,2022-09-01,2022-10-01,2022-11-01,2022-12-01,2023-01-01,2023-02-01,2023-03-01,2023-04-01,2023-05-01,2023-06-01,2023-07-01,2023-08-01,2023-09-01,2023-10-01,2023-11-01,2023-12-01,2024-01-01,2024-02-01,2024-03-01,2024-04-01,2024-05-01,2024-06-01,2024-07-01,2024-08-01,2024-09-01,2024-10-01,2024-11-01,2024-12-01,2025-01-01,2025-02-01,2025-03-01,2025-04-01,2025-05-01,2025-06-01,2025-07-01,2025-08-01,2025-09-01,2025-10-01,2025-11-01,2025-12-01,2026-01-01,2026-02-01,2026-03-01,2026-04-01,2026-05-01,2026-06-01,2026-07-01
Estados Unidos,121955,150794,196141,183680,173937,223686,234669,171908,99381,116636,142228,188535,175009,202883,263682,229723,215146,271326,288606,222103,133373,153360,183377,239145,213565,249408,309624,240045,246622,302751,301917,222093,118547,148659,176006,233731,202772,227778,296709,236364,219579,285931,302256,216662,116446,152260,194456,255808,213365,243082,327108,245092,234376,294032,302489
República Dominicana,94277,91822,98552,112814,107954,130654,143987,119676,88408,91422,94670,183802,106209,93144,99682,94101,102652,123838,140466,109900,89476,89329,94194,184879,99234,95179,110505,96085,110659,133954,146263,123564,89943,98582,104414,201963,109053,98721,104188,114127,113186,146402,164378,137510,97125,106634,107716,220170,115960,105710,121760,108199,124559,151729,167305
Canadá,28992,42551,70868,66588,33971,26966,35574,31877,19921,35502,72714,92400,121889,119438,128777,97247,45613,30796,39297,37327,25410,39863,87488,120595,144944,142493,142720,106376,49050,31792,39475,36220,25420,41669,93454,122417,138712,132706,139835,101069,44200,28808,34950,30818,21167,36886,96080,127970,150668,152363,162889,114541,47949,32344,37808
Argentina,12916,13376,13812,14498,19095,16988,18396,16919,15268,16102,16868,14603,23481,17847,15959,19336,22209,17233,19696,14887,13964,14714,15923,16278,25772,21075,19521,19602,22562,22873,26622,19774,22380,24108,28134,29390,51742,39827,37634,37056,42289,35261,43581,30304,28745,30683,34394,38997,60292,46534,45157,45950,46389,33147,49546
Colombia,17800,12708,17982,21378,24401,27905,26691,27723,27880,31986,26403,30697,28817,15991,21036,24651,25381,32315,27744,32447,31466,34767,31822,37022,29653,20154,25268,24417,30754,35991,29282,34115,32836,38381,35432,37878,31566,19849,23493,31056,35236,41123,35264,43424,42076,49163,40246,47426,39665,26335,36157,34212,44011,54191,48484
Puerto Rico,6069,8182,9645,9858,13715,25164,26481,15110,10986,12652,12411,13391,8609,10231,10022,14269,22110,34735,38468,19753,15433,17595,17458,17594,10558,10994,15408,15035,23865,37036,39145,21137,13941,18097,18652,16542,9931,10993,12881,16787,22109,35095,42335,22760,15700,20786,19418,19534,11457,11559,14451,16739,25072,37036,42998
México,4052,3887,4931,6208,6411,6002,7234,6312,6603,6284,7147,7400,5785,5662,7400,8856,9992,8386,10625,10185,7971,8761,9962,10050,7604,8059,10384,10702,12008,11653,14444,12442,10015,10595,11903,12242,9606,9755,11195,13560,14889,12686,21587,17970,15734,15973,16928,17494,13894,13969,17396,19562,22423,16228,24227
Reino Unido,10646,12201,15533,17031,18291,16350,18554,18513,15049,14629,15286,15455,12810,12033,12882,12376,16318,15925,17190,16726,14458,14929,13179,13785,12906,12843,13538,12912,17561,16534,18716,18676,15397,15333,14270,14068,13425,13426,14121,14345,17804,16927,18486,18489,15124,15770,14894,15611,15602,14468,16980,14980,19019,18792,20007
Francia,22608,32823,24115,24839,14003,8762,16244,17212,6840,15251,13697,20769,21652,26863,17623,15620,7914,5791,10555,12403,5349,10048,11588,15980,18525,23525,16677,18789,8599,5010,10708,13175,5786,10301,11310,15498,18091,22429,16097,17399,7799,5268,9555,11709,4557,9659,11527,15790,19784,26947,18575,19774,9015,5526,10891
Brasil,5535,4199,4997,6428,6724,6088,7108,8325,7184,8053,8619,10444,10651,6386,10253,9775,10768,11168,11181,9304,9773,10530,10667,13882,11601,8809,10011,12718,11835,10530,12001,10324,9284,10212,13184,15544,12473,9410,11571,13863,13997,12004,13949,11312,11782,13980,14855,17882,14679,11402,12874,17828,16089,12983,17650
Perú,4942,6689,6371,6668,8431,5658,8320,7901,7316,9616,7364,7811,7440,8861,7144,7491,9318,7299,9052,8019,6340,10163,6752,6822,6220,7712,7434,6776,10135,6525,10327,9997,7854,15163,10144,10613,11094,13099,10371,9571,13863,7515,13206,11620,9327,18361,11164,12524,13529,16814,13409,11963,17305,10504,16259
Chile,9037,10074,6827,7875,11144,10010,14752,10120,9602,10873,8962,7805,10961,13412,8171,9234,11524,11911,13792,9452,10093,10100,8997,9082,12161,15475,8339,10494,12773,16452,12051,9414,13596,11450,10799,10924,14430,16664,9155,10363,14521,15030,11661,8811,11920,12157,9449,11069,14235,17907,9289,11394,15678,16723,14298
España,9837,9276,10279,14181,9601,15255,27000,28773,13433,12567,12435,18363,10595,10441,11801,12666,8954,15892,22795,26135,14475,14402,13226,19683,11793,10289,11478,8181,7046,10550,14057,15343,8661,8402,9653,12609,7931,8084,8830,10608,8755,10853,14222,15975,9269,8837,10058,15335,9717,9848,13080,9030,9015,12634,18059
Alemania,15908,14962,20285,16239,12149,11562,12090,12226,11748,14989,15799,13458,13509,12720,15790,12060,9059,7027,7965,8077,8699,10618,15307,14123,13514,13256,16543,10868,9201,6682,7519,7344,8453,11045,13488,11924,11328,10425,13247,12210,7669,6724,6959,7963,7039,9987,14586,12912,11164,11793,17360,12022,8903,5413,8188
Cuba,4317,3391,4612,4393,6474,17165,20702,14663,7537,5144,4173,4119,2571,2752,4209,4364,7030,17819,21251,13086,7394,4659,4228,3983,2633,2890,3969,4611,7428,18600,19232,13258,7480,4831,4694,4277,2971,3092,5003,4613,7997,19542,21650,16269,9230,6088,5951,5590,3521,3948,5518,5258,9248,21804,25208
Italia,8270,6509,7055,7561,5337,6382,7221,10419,4224,4963,7814,11798,11246,9825,8307,6788,4883,6048,6826,9240,4085,5128,8022,11815,11204,10660,9665,7419,5687,6373,7042,10974,4433,5365,9365,11834,11978,10382,10062,9305,5655,6420,7347,12310,4413,5695,9916,13565,14347,12218,11455,9890,6277,6557,7552
Ecuador,1699,3668,4355,4338,4492,2746,5059,6791,4546,3658,4261,4329,2840,4209,5290,5226,5633,4246,5352,7992,5676,5249,5959,3979,3056,5598,6055,6454,6691,5526,8512,10199,7001,7452,6849,5789,4447,5662,7919,6978,7142,5518,8316,10291,6973,8204,6556,4252,3203,5592,7675,7730,7229,5259,8690
Haití,6323,7177,9085,9473,8663,9685,12392,12205,7894,8260,8016,10390,7024,6382,8498,8636,8706,9166,10557,11034,6431,3252,5628,7107,4988,4792,4402,4021,3805,3360,3868,3975,2796,2565,2740,4714,3489,3579,4075,3823,3744,4247,5243,5845,4625,4479,4366,7618,4395,4166,6289,5426,5100,5981,8571
Polonia,12314,10612,9935,6479,3438,4500,4443,2746,3759,4069,11094,9877,11456,9219,6590,5286,2592,2536,2034,1958,2639,2813,8221,9215,10209,9390,7256,4909,2900,2589,2299,1926,2586,3071,9518,9197,11317,9778,6151,3368,2781,2459,2354,1990,2318,3073,9042,8437,10050,9735,6745,4871,2949,2870,2277
Venezuela,12836,7882,8296,8444,7985,8552,9470,9009,8083,7715,7205,11056,8792,6214,7028,7767,7714,7471,8564,9756,8837,7882,7877,11622,9145,6734,7370,6873,6700,6667,7076,3870,3807,3936,4131,4951,4021,3457,3911,3923,3676,4108,4644,4647,4176,3971,4737,5143,4234,3802,5063,5206,4486,4299,5680
